_id,question,A,B,C,D,correctAnswer,chatGPTResponse,accuracy
1,"Unlike most other early civilizations, Minoan culture shows little evidence of:",trade.,warfare.,the development of a common religion.,conspicuous consumption by elites.,D,,
2,The greatest Egyptian pyramids at Giza were built:,"as burial monuments for the pharaoh Khufu, Khufu's son Khafre, and Khufu's grandson Menkaure.","by slaves who were coerced and worked under the threat of death, as described in the book of Exodus of the Old Testament.",in the construction frenzy of the 6th dynasty.,all of the above.,A,,
3,"When anatomically modern humans first arrived in the Middle East, who did they encounter?","Neandertals, the evolutionary descendants of the premodern human inhabitants of Europe and Asia","Homo erectus, the evolutionary descendants of the premodern human inhabitants of Europe and Asia","Homo sapiens, who had evolved independently in Asia and arrived there by 200,000 years ago",All of the above,A,,
4,The “Lion Man” from Hohlenstein-Stadel cave is an example of:,mobiliary art.,long-distance trade of exotic raw materials.,parietal art.,a Venus figurine.,A,,
5,"At its peak, the palace at Knossos is thought to have had over _________ rooms.",100,500,"1,000","5,000",C,,
6,"The Hopewell were complex rank societies, but they were not a state. Hopewell culture lacked all of the following elements EXCEPT:",formal government,monumental earthworks,urban centers,a permanent military,B,,
7,Markings found on the mud-bricks of Huaca del Sol are probably:,instructions for the builders written there by the engineers.,random scratches and not a meaningful script or written language.,intended to identify the local group that had produced them.,simple arithmetic performed by carpenters on the building site.,C,,
8,The 30 upright stones at Stonehenge are called _______; the horizontal stones are _________.,"legumes, sarsens","lintels, stelae","sarsens, lintels","trilithon, tholoi",C,,
9,"The secondarily altricial condition of modern human babies may have been an evolutionary solution, in that:","the brain size of hominids had not grown for more than a million years, making it difficult for babies to walk.",it allowed for bipedalism and independence from the mother at an earlier age.,"it allowed for subsequent growth of the brain, since bipedalism had resulted in a narrowed birth canal in the female pelvis.","it allowed for growth of the brain to nearly adult size prior to birth, since bipedalism had resulted in a wider birth canal in the female pelvis.",C,,
10,Research on C3 and C4 pathways indicates that changes in plant communities were associated with a transition in the diets of ancient hominids from:,species focused on grasses to nuts and fruits.,meat to fruits and vegetables.,fruits and vegetables to fish.,nuts and fruits to species more focused on grasses.,D,,
11,Which of the following is evidence of new uses for plants during the Middle Stone Age?,the use of seeds as a natural insecticide in Altamira cave in southwestern Europe,plant materials such as flowers in Aurignacian burials in southern France,plant material lining the floor of Sibudu Cave in South Africa,the use of wood in the Gravettian tradition to make spear-throwers and canoes,C,,
12,That modern Africans do not possess any Neandertal DNA indicates that:,Gene flow between Neandertals and anatomically modern humans must have occurred before Neandertals migrated out of Africa.,Gene flow between Neandertals and anatomically modern humans occurred after anatomically modern humans migrated out of Africa.,"Neandertals who lived in Africa did not interbreed with anatomically modern humans, but must have followed them when they migrated out of Africa.",Interbreeding between anatomically modern humans and Neandertals never occurred.,B,,
13,"Toward the end of the Pleistocene, between 28,000 and 18,000 years ago, worldwide sea level was much lower than present day, resulting in the exposure of a landmass east of Siberia called __________. This period is called the _______.",Beringia; Late Beringian Period,Sundaland; McKenzie Maximum,Beringia; Late Glacial Maximum,Wallacea; Late Laurentide Period,C,,
14,Which archaeological method is best for identifying large-scale land modifications?,test pits,ground-penetrating radar,aerial photography,proton magnetometers,C,,
15,What designation for a pottery style was eventually applied to an entire cultural complex that moved across the Pacific?,Clovis,Nenana Complex,Lapita,Micronesian Pottery Tradition,C,,
16,What is one of the differences between simple foragers and complex foragers?,Complex foragers employ irrigation technology.,Complex foragers rely on a wider range of food sources.,Complex foragers are more highly mobile.,Complex foragers focus on a few highly productive resources.,D,,
17,The significance of Frere's discovery was that what he found was located:,beneath the remains of extinct animals.,"on the surface, above the remains of extinct animals.",in a region of Africa where no one thought humans had ever lived.,on top of the ruins of a Medieval castle.,A,,
18,What is the earliest form of writing in the world and where did it develop?,"cuneiform, in Mesopotamia","hieroglyphics, in Egypt","clay-tablets, at Knossos","runes, at Stonehenge",A,,
19,A pattern of social integration in which individuals are placed into a hierarchy of social levels is called:,urbanization.,a social system.,social stratification.,a necropolis.,C,,
20,The Minoan economy may have been especially vulnerable to natural catastrophe because it relied heavily on:,agriculture,maritime trade,metalworking,slave labor,B,,
21,"The _______ developed one of the earliest kingdoms in South America, reaching its height at around _________.",Moche; AD 400,Wari; AD 100,Inca; AD 200,Maya; AD 400,A,,
22,"What is the name of the lithic technology seen in the Arctic and consisting of wedge-shaped cores, micro-blades, bifacial knives, and burins?",Clovis Complex,Denali Complex,Folsom Complex,Nenana Complex,B,,
23,Which of the following is used to remove the soil enclosing site materials?,brushes,trowels,dental picks,all of the above,D,,
24,"A continuous, projecting ridge of bone above and across the eye orbits is called the:",sagittal crest.,supraorbital torus.,maxilla.,occipital bone.,B,,
25,Ancestral Puebloan culture in Chaco Canyon was comprised of:,around 75 substantial settlements and more than 300 smaller communities.,more than 500 towns and villages with monumental architecture.,between 30 and 40 farmsteads and three large pueblos.,one large city state with more than 300 outlying farmsteads.,A,,
26,The Yang-shao culture gave way to the Lung-Shan sometime after:,"6,000 B.P.","5,000 B.P.","4,000 B.P.","3,000 B.P.",B,,
27,The most prominent feature of the food resource base of post-Pleistocene Europe was its:,dependence on megafauna.,hunting and gathering.,dependence on fur-bearing animals.,diversity.,D,,
28,Evidence of wild grain harvesting and consumption in Israel dates to as early as,"20,000 B.P.","12,000 B.P.","10,000 B.P.","8,000 B.P.",A,,
29,Civilization in the Indus Valley was characterized by:,highly centralized economies.,carefully planned and designed cities.,standardized weights and measures.,all of the above.,D,,
30,"According to one theory, the power of Ancestral Pueblo elites emerged when certain groups:",predicted astronomical events such as eclipses and meteor showers.,constructed monuments and elaborate multi-storied cliff dwellings.,stored food surpluses in good years for distribution in bad years.,incorporated other societies through conquest warfare.,C,,
31,"Teotihuacán came to prominence in the Basin of Mexico after its rival, Cuicuilco,",was crippled by a volcanic eruption.,succumbed to a civil war among its ruling families.,suffered a blight on its crops.,was flooded by a Gulf Coast hurricane.,A,,
32,Evidence from northwest coast societies indicates that what is ultimately needed for the development of social complexity is:,agriculture.,irrigation technology.,social stratification.,a food surplus.,D,,
33,Which subfield of anthropology aims to better understand the nearest living relatives of humans?,paleoanthropology,archaeology,primatology,linguistics,C,,
34,How did Aurignacian technology differ from Mousterian technology?,Mousterian technology produced more projectile points.,Mousterian technology produced more usable blade surface.,Aurignacian technology produced more usable blade surface.,Aurignacian technology was focused on the production of hand axes.,C,,
35,Which of the following is evidence of a complex society?,monumental works,burials with grave goods,leisure and a sedentary lifestyle,all of the above,A,,
36,"The face of Homo erectus was more ________ than modern humans, but less so than Homo habilis.",altricial,hairy,occipital,prognathous,D,,
37,Montezuma ruled over millions of people from the _______ capital of _____.,Maya; Tikal.,Aztec; Tenochtitlán.,Teotihuacános; Teotihuacán.,Zapotec; Monte Albán.,B,,
38,"The belief that all of the characteristics of civilization developed in one place, such as Egypt, and from there spread out to the rest of the world is known as:",cultural evolution,migrationism,diffusionism,anti-originalism,C,,
39,"When the ratio of brain size to body size is compared, which species has a proportionally larger brain?",Homo erectus,premodern Homo sapiens,Neandertals,modern Homo sapiens,D,,
40,"The royal graves of the Shang Dynasty consisted of enormous cruciform-shaped tombs, where the deceased kings were buried with:","jade, bronze, and ceramic artifacts.",chariots and horses.,the headless bodies of humans who had been sacrificed.,all of the above.,D,,
41,The above hominid species discovered in Malapa Cave in South Africa has been classified as:,Homo habilis,Australopithecus sediba.,Homo sapiens.,Australopithecus robustus,B,,
42,Ethnographic evidence supports which of the following connections between surplus food and social complexity?,Only agriculturalists can produce the food surplus necessary for economic inequality.,Some resource-rich environments allow for the creation of surpluses that can lead to economic inequalities and social complexity.,Economic inequalities are the foundation of social complexity and entirely dependent on agriculture for the production of surplus food.,The production of surplus food is not important in the development of economic inequalities or social complexity.,B,,
43,Which of the following was the greatest advantage of using fire in human evolution?,Fire offers protection from predators and enemies.,Fire makes meat more digestible and kills bacteria.,Fire produces light and heat.,Fire can be used in warfare and to clear fields.,B,,
44,"Palynology is the study of _________, which allows scientists to reconstruct ______.",foraminifera; a master sequence of tree rings.,coprolites; paleopathology and sexual dimorphism.,pollen; plant communities and climate.,phytoliths; artificial selection and photosynthesis pathways.,C,,
45,What was the unifying element of Olmec culture?,religious iconography,large armies,agricultural surpluses,all of the above,A,,
46,Which of the following ancient civilizations has a written language that is the furthest from being fully deciphered?,the Indus Valley,Egyptian,Mesopotamian,Chinese,A,,
47,The sophisticated stone tool making industry at the Pinnacle Point site in South Africa is evidence of:,"a 250,000-year-old tradition of hand axe production and use.","a 71,000-year-old complex sequence of microblade production and use.",an adaptation to hunting in colder environments.,both a and c.,B,,
48,"Early evidence of complexity in Mayan societies is suggested by the appearance, around 2650 B.P., of:",finely carved obsidian statuary.,decorated stepped platforms.,the introduction of chocolate into the Mesoamerican economy.,a ritual ball game in which the losers were sacrificed to the gods.,B,,
49,What do anthropologists NOT need to know to determine when people entered the Americas from Siberia?,When sled dogs were first domesticated,When the Bering Strait was exposed and open for travel,When eastern Siberia was first inhabited,The age of the earliest New World sites,A,,
50,When did Aborigines occupy the harsh interior of Australia?,"10,000–12,000 years ago","20,000–25,000 years ago","35,000–40,000 years ago","40,000–45,000 years ago",B,,
